﻿<?xml version="1.0" encoding="utf-8"?>
<!--DO NOT EDIT. This document is generated by PSoC Creator design builds.-->
<PSoCCreatorIdeExport Version="1">
  <Device Part="CY8C4247LQI-BL483" Processor="CortexM0" DeviceID="E34119E" />
  <Toolchains>
    <Toolchain Name="ARM GCC Generic" Selected="True">
      <Tool Name="prebuild" Command="" Options="" />
      <Tool Name="assembler" Command="arm-none-eabi-as.exe" Options="-mcpu=cortex-m0 -mthumb -I. -IGenerated_Source\PSoC4 -alh=${OutputDir}/${CompileFile}.lst -g" />
      <Tool Name="compiler" Command="arm-none-eabi-gcc.exe" Options="-mcpu=cortex-m0 -mthumb -I. -IGenerated_Source\PSoC4 -Wa,-alh=${OutputDir}/${CompileFile}.lst -g -D DEBUG -Wall -ffunction-sections -ffat-lto-objects -O0" />
      <Tool Name="linker" Command="arm-none-eabi-gcc.exe" Options="-mcpu=cortex-m0 -mthumb -L Generated_Source\PSoC4 -Wl,-Map,${OutputDir}/${ProjectShortName}.map -T Generated_Source\PSoC4\cm0gcc.ld -specs=nano.specs -Wl,--gc-sections -g -ffunction-sections -O0 -ffat-lto-objects" />
      <Tool Name="postbuild" Command="" Options="" />
    </Toolchain>
    <Toolchain Name="ARM MDK Generic" Selected="False">
      <Tool Name="prebuild" Command="" Options="" />
      <Tool Name="assembler" Command="armasm.exe" Options="--cpu=Cortex-M0 --diag_style=gnu --thumb -i. -iGenerated_Source\PSoC4 -g --list=${OutputDir}/${CompileFile}.lst &quot;--predefine=__MICROLIB SETA 1&quot;" />
      <Tool Name="compiler" Command="armcc.exe" Options="--cpu=Cortex-M0 --C99 --diag_style=gnu -I. -IGenerated_Source\PSoC4 --list --signed_chars -g -D DEBUG -D CY_CORE_ID=0 -O0 --split_sections -D__MICROLIB" />
      <Tool Name="linker" Command="armlink.exe" Options="--cpu=Cortex-M0 --diag_style=gnu --no_startup --library_type=microlib --map --list ${OutputDir}/${ProjectShortName}.map --scatter Generated_Source\PSoC4\Cm0RealView.scat" />
      <Tool Name="postbuild" Command="" Options="" />
    </Toolchain>
    <Toolchain Name="ARM IAR Generic" Selected="False">
      <Tool Name="prebuild" Command="" Options="" />
      <Tool Name="assembler" Command="iasmarm.exe" Options="--cpu Cortex-M0 -I. -IGenerated_Source\PSoC4 -s+ -M&lt;&gt; -w+ -r -DDEBUG --fpu None" />
      <Tool Name="compiler" Command="iccarm.exe" Options="--cpu Cortex-M0 -I. -IGenerated_Source\PSoC4 -D DEBUG -D CY_CORE_ID=0 -I. -IGenerated_Source\PSoC4 -D DEBUG -D CY_CORE_ID=0 --no_cse --no_unroll --no_inline --no_code_motion --no_tbaa --no_clustering --no_scheduling --debug --endian=little -e --fpu=None -On --no_wrap_diagnostics" />
      <Tool Name="linker" Command="ilinkarm.exe" Options="--semihosting --entry __iar_program_start --config Generated_Source\PSoC4\Cm0Iar.icf" />
      <Tool Name="postbuild" Command="" Options="" />
    </Toolchain>
  </Toolchains>
  <Project Name="Lticker_BLE" Path="C:\Users\11700372\Desktop\Lticker_BLE.cydsn" Version="5.70" Type="Normal">
    <CMSIS_SVD_File>Lticker_BLE.svd</CMSIS_SVD_File>
    <Datasheet />
    <LinkerFiles>
      <LinkerFile Toolchain="ARM GCC Generic">.\Generated_Source\PSoC4\cm0gcc.ld</LinkerFile>
      <LinkerFile Toolchain="ARM MDK Generic">.\Generated_Source\PSoC4\Cm0RealView.scat</LinkerFile>
      <LinkerFile Toolchain="ARM IAR Generic">.\Generated_Source\PSoC4\Cm0Iar.icf</LinkerFile>
    </LinkerFiles>
    <Folders>
      <Folder BuildType="STRICT" Path="C:\Users\11700372\Desktop\Lticker_BLE.cydsn">
        <Files Root="C:\Users\11700372\Desktop\Lticker_BLE.cydsn">
          <File BuildType="BUILD" Toolchain="">main.c</File>
          <File BuildType="BUILD" Toolchain="">mpu6050.c</File>
          <File BuildType="BUILD" Toolchain="">i2cFunctions.c</File>
          <File BuildType="BUILD" Toolchain="">mpu6050.h</File>
        </Files>
      </Folder>
      <Folder BuildType="STRICT" Path="C:\Users\11700372\Desktop\Lticker_BLE.cydsn\Generated_Source\PSoC4">
        <Files Root="C:\Users\11700372\Desktop\Lticker_BLE.cydsn">
          <File BuildType="BUILD" Toolchain="">Generated_Source\PSoC4\cyfitter_cfg.h</File>
          <File BuildType="BUILD" Toolchain="">Generated_Source\PSoC4\cyfitter_cfg.c</File>
          <File BuildType="BUILD" Toolchain="">Generated_Source\PSoC4\cymetadata.c</File>
          <File BuildType="BUILD" Toolchain="">Generated_Source\PSoC4\cydevice_trm.h</File>
          <File BuildType="BUILD" Toolchain="">Generated_Source\PSoC4\cydevicegnu_trm.inc</File>
          <File BuildType="BUILD" Toolchain="">Generated_Source\PSoC4\cydevicerv_trm.inc</File>
          <File BuildType="BUILD" Toolchain="">Generated_Source\PSoC4\cydeviceiar_trm.inc</File>
          <File BuildType="BUILD" Toolchain="">Generated_Source\PSoC4\cyfittergnu.inc</File>
          <File BuildType="BUILD" Toolchain="">Generated_Source\PSoC4\cyfitterrv.inc</File>
          <File BuildType="BUILD" Toolchain="">Generated_Source\PSoC4\cyfitteriar.inc</File>
          <File BuildType="BUILD" Toolchain="">Generated_Source\PSoC4\cyfitter.h</File>
          <File BuildType="BUILD" Toolchain="">Generated_Source\PSoC4\cydisabledsheets.h</File>
          <File BuildType="BUILD" Toolchain="">Generated_Source\PSoC4\Pin_1.c</File>
          <File BuildType="BUILD" Toolchain="">Generated_Source\PSoC4\Pin_1.h</File>
          <File BuildType="BUILD" Toolchain="">Generated_Source\PSoC4\Pin_1_aliases.h</File>
          <File BuildType="BUILD" Toolchain="">Generated_Source\PSoC4\Pin_1_PM.c</File>
          <File BuildType="BUILD" Toolchain="">Generated_Source\PSoC4\Clock_1.c</File>
          <File BuildType="BUILD" Toolchain="">Generated_Source\PSoC4\Clock_1.h</File>
          <File BuildType="BUILD" Toolchain="ARM GCC Generic">Generated_Source\PSoC4\cm0gcc.ld</File>
          <File BuildType="BUILD" Toolchain="ARM MDK Generic">Generated_Source\PSoC4\Cm0RealView.scat</File>
          <File BuildType="BUILD" Toolchain="">Generated_Source\PSoC4\Cm0Start.c</File>
          <File BuildType="BUILD" Toolchain="">Generated_Source\PSoC4\core_cm0_psoc4.h</File>
          <File BuildType="BUILD" Toolchain="">Generated_Source\PSoC4\core_cm0.h</File>
          <File BuildType="BUILD" Toolchain="ARM GCC Generic">Generated_Source\PSoC4\CyBootAsmGnu.s</File>
          <File BuildType="BUILD" Toolchain="ARM MDK Generic">Generated_Source\PSoC4\CyBootAsmRv.s</File>
          <File BuildType="BUILD" Toolchain="">Generated_Source\PSoC4\CyFlash.c</File>
          <File BuildType="BUILD" Toolchain="">Generated_Source\PSoC4\CyFlash.h</File>
          <File BuildType="BUILD" Toolchain="">Generated_Source\PSoC4\CyLib.c</File>
          <File BuildType="BUILD" Toolchain="">Generated_Source\PSoC4\CyLib.h</File>
          <File BuildType="BUILD" Toolchain="">Generated_Source\PSoC4\cyPm.c</File>
          <File BuildType="BUILD" Toolchain="">Generated_Source\PSoC4\cyPm.h</File>
          <File BuildType="BUILD" Toolchain="">Generated_Source\PSoC4\cytypes.h</File>
          <File BuildType="BUILD" Toolchain="">Generated_Source\PSoC4\cyutils.c</File>
          <File BuildType="BUILD" Toolchain="">Generated_Source\PSoC4\cypins.h</File>
          <File BuildType="BUILD" Toolchain="">Generated_Source\PSoC4\core_cmFunc.h</File>
          <File BuildType="BUILD" Toolchain="">Generated_Source\PSoC4\core_cmInstr.h</File>
          <File BuildType="BUILD" Toolchain="ARM IAR Generic">Generated_Source\PSoC4\Cm0Iar.icf</File>
          <File BuildType="BUILD" Toolchain="ARM IAR Generic">Generated_Source\PSoC4\CyBootAsmIar.s</File>
          <File BuildType="BUILD" Toolchain="">Generated_Source\PSoC4\cmsis_armcc.h</File>
          <File BuildType="BUILD" Toolchain="">Generated_Source\PSoC4\cmsis_gcc.h</File>
          <File BuildType="BUILD" Toolchain="">Generated_Source\PSoC4\cmsis_compiler.h</File>
          <File BuildType="BUILD" Toolchain="">Generated_Source\PSoC4\project.h</File>
          <File BuildType="BUILD" Toolchain="">Generated_Source\PSoC4\WS2812driver_1.h</File>
          <File BuildType="BUILD" Toolchain="">Generated_Source\PSoC4\WS2812driver_1.c</File>
          <File BuildType="BUILD" Toolchain="">Generated_Source\PSoC4\Clock_2.c</File>
          <File BuildType="BUILD" Toolchain="">Generated_Source\PSoC4\Clock_2.h</File>
          <File BuildType="BUILD" Toolchain="">Generated_Source\PSoC4\isr_fifo_empty.c</File>
          <File BuildType="BUILD" Toolchain="">Generated_Source\PSoC4\isr_fifo_empty.h</File>
          <File BuildType="BUILD" Toolchain="">Generated_Source\PSoC4\isr_reset_done.c</File>
          <File BuildType="BUILD" Toolchain="">Generated_Source\PSoC4\isr_reset_done.h</File>
          <File BuildType="BUILD" Toolchain="">Generated_Source\PSoC4\Counter_reset_gen.c</File>
          <File BuildType="BUILD" Toolchain="">Generated_Source\PSoC4\Counter_reset_gen.h</File>
          <File BuildType="BUILD" Toolchain="">Generated_Source\PSoC4\Counter_reset_gen_PM.c</File>
          <File BuildType="BUILD" Toolchain="">Generated_Source\PSoC4\cy_em_eeprom.c</File>
          <File BuildType="BUILD" Toolchain="">Generated_Source\PSoC4\cy_em_eeprom.h</File>
          <File BuildType="BUILD" Toolchain="">Generated_Source\PSoC4\CyLFClk.c</File>
          <File BuildType="BUILD" Toolchain="">Generated_Source\PSoC4\CyLFClk.h</File>
          <File BuildType="BUILD" Toolchain="">Generated_Source\PSoC4\cycodeshareimport.ld</File>
          <File BuildType="BUILD" Toolchain="">Generated_Source\PSoC4\cycodeshareexport.ld</File>
          <File BuildType="BUILD" Toolchain="">Generated_Source\PSoC4\cycodeshareimport.scat</File>
          <File BuildType="BUILD" Toolchain="">Generated_Source\PSoC4\I2C_MPU6050.c</File>
          <File BuildType="BUILD" Toolchain="">Generated_Source\PSoC4\I2C_MPU6050.h</File>
          <File BuildType="BUILD" Toolchain="">Generated_Source\PSoC4\I2C_MPU6050_I2C.h</File>
          <File BuildType="BUILD" Toolchain="">Generated_Source\PSoC4\I2C_MPU6050_I2C_INT.c</File>
          <File BuildType="BUILD" Toolchain="">Generated_Source\PSoC4\I2C_MPU6050_I2C.c</File>
          <File BuildType="BUILD" Toolchain="">Generated_Source\PSoC4\I2C_MPU6050_I2C_BOOT.c</File>
          <File BuildType="BUILD" Toolchain="">Generated_Source\PSoC4\I2C_MPU6050_I2C_MASTER.c</File>
          <File BuildType="BUILD" Toolchain="">Generated_Source\PSoC4\I2C_MPU6050_PM.c</File>
          <File BuildType="BUILD" Toolchain="">Generated_Source\PSoC4\I2C_MPU6050_BOOT.c</File>
          <File BuildType="BUILD" Toolchain="">Generated_Source\PSoC4\I2C_MPU6050_PINS.h</File>
          <File BuildType="BUILD" Toolchain="">Generated_Source\PSoC4\I2C_MPU6050_I2C_PVT.h</File>
          <File BuildType="BUILD" Toolchain="">Generated_Source\PSoC4\I2C_MPU6050_PVT.h</File>
          <File BuildType="BUILD" Toolchain="">Generated_Source\PSoC4\I2C_MPU6050_BOOT.h</File>
          <File BuildType="BUILD" Toolchain="">Generated_Source\PSoC4\SERIAL.c</File>
          <File BuildType="BUILD" Toolchain="">Generated_Source\PSoC4\SERIAL.h</File>
          <File BuildType="BUILD" Toolchain="">Generated_Source\PSoC4\SERIAL_SPI_UART.h</File>
          <File BuildType="BUILD" Toolchain="">Generated_Source\PSoC4\SERIAL_SPI_UART.c</File>
          <File BuildType="BUILD" Toolchain="">Generated_Source\PSoC4\SERIAL_SPI_UART_INT.c</File>
          <File BuildType="BUILD" Toolchain="">Generated_Source\PSoC4\SERIAL_PM.c</File>
          <File BuildType="BUILD" Toolchain="">Generated_Source\PSoC4\SERIAL_UART.c</File>
          <File BuildType="BUILD" Toolchain="">Generated_Source\PSoC4\SERIAL_BOOT.c</File>
          <File BuildType="BUILD" Toolchain="">Generated_Source\PSoC4\SERIAL_UART_BOOT.c</File>
          <File BuildType="BUILD" Toolchain="">Generated_Source\PSoC4\SERIAL_PINS.h</File>
          <File BuildType="BUILD" Toolchain="">Generated_Source\PSoC4\SERIAL_SPI_UART_PVT.h</File>
          <File BuildType="BUILD" Toolchain="">Generated_Source\PSoC4\SERIAL_PVT.h</File>
          <File BuildType="BUILD" Toolchain="">Generated_Source\PSoC4\SERIAL_BOOT.h</File>
          <File BuildType="BUILD" Toolchain="">Generated_Source\PSoC4\I2C_MPU6050_SCBCLK.c</File>
          <File BuildType="BUILD" Toolchain="">Generated_Source\PSoC4\I2C_MPU6050_SCBCLK.h</File>
          <File BuildType="BUILD" Toolchain="">Generated_Source\PSoC4\I2C_MPU6050_sda.c</File>
          <File BuildType="BUILD" Toolchain="">Generated_Source\PSoC4\I2C_MPU6050_sda.h</File>
          <File BuildType="BUILD" Toolchain="">Generated_Source\PSoC4\I2C_MPU6050_sda_aliases.h</File>
          <File BuildType="BUILD" Toolchain="">Generated_Source\PSoC4\I2C_MPU6050_sda_PM.c</File>
          <File BuildType="BUILD" Toolchain="">Generated_Source\PSoC4\I2C_MPU6050_scl.c</File>
          <File BuildType="BUILD" Toolchain="">Generated_Source\PSoC4\I2C_MPU6050_scl.h</File>
          <File BuildType="BUILD" Toolchain="">Generated_Source\PSoC4\I2C_MPU6050_scl_aliases.h</File>
          <File BuildType="BUILD" Toolchain="">Generated_Source\PSoC4\I2C_MPU6050_scl_PM.c</File>
          <File BuildType="BUILD" Toolchain="">Generated_Source\PSoC4\I2C_MPU6050_SCB_IRQ.c</File>
          <File BuildType="BUILD" Toolchain="">Generated_Source\PSoC4\I2C_MPU6050_SCB_IRQ.h</File>
          <File BuildType="BUILD" Toolchain="">Generated_Source\PSoC4\SERIAL_SCBCLK.c</File>
          <File BuildType="BUILD" Toolchain="">Generated_Source\PSoC4\SERIAL_SCBCLK.h</File>
          <File BuildType="BUILD" Toolchain="">Generated_Source\PSoC4\SERIAL_tx.c</File>
          <File BuildType="BUILD" Toolchain="">Generated_Source\PSoC4\SERIAL_tx.h</File>
          <File BuildType="BUILD" Toolchain="">Generated_Source\PSoC4\SERIAL_tx_aliases.h</File>
          <File BuildType="BUILD" Toolchain="">Generated_Source\PSoC4\SERIAL_tx_PM.c</File>
          <File BuildType="BUILD" Toolchain="">Generated_Source\PSoC4\SERIAL_rx.c</File>
          <File BuildType="BUILD" Toolchain="">Generated_Source\PSoC4\SERIAL_rx.h</File>
          <File BuildType="BUILD" Toolchain="">Generated_Source\PSoC4\SERIAL_rx_aliases.h</File>
          <File BuildType="BUILD" Toolchain="">Generated_Source\PSoC4\SERIAL_rx_PM.c</File>
          <File BuildType="BUILD" Toolchain="">Generated_Source\PSoC4\BLE_gatt.h</File>
          <File BuildType="BUILD" Toolchain="">Generated_Source\PSoC4\BLE.h</File>
          <File BuildType="BUILD" Toolchain="">Generated_Source\PSoC4\BLE.c</File>
          <File BuildType="BUILD" Toolchain="">Generated_Source\PSoC4\BLE_gatt.c</File>
          <File BuildType="BUILD" Toolchain="">Generated_Source\PSoC4\BLE_ias.c</File>
          <File BuildType="BUILD" Toolchain="">Generated_Source\PSoC4\BLE_ias.h</File>
          <File BuildType="BUILD" Toolchain="">Generated_Source\PSoC4\BLE_eventHandler.c</File>
          <File BuildType="BUILD" Toolchain="">Generated_Source\PSoC4\BLE_HAL_INT.c</File>
          <File BuildType="BUILD" Toolchain="">Generated_Source\PSoC4\BLE_HAL_PVT.c</File>
          <File BuildType="BUILD" Toolchain="">Generated_Source\PSoC4\BLE_HAL_PVT.h</File>
          <File BuildType="BUILD" Toolchain="">Generated_Source\PSoC4\BLE_STACK_PVT.h</File>
          <File BuildType="BUILD" Toolchain="">Generated_Source\PSoC4\BLE_StackGap.h</File>
          <File BuildType="BUILD" Toolchain="">Generated_Source\PSoC4\BLE_StackGatt.h</File>
          <File BuildType="BUILD" Toolchain="">Generated_Source\PSoC4\BLE_StackGattDb.h</File>
          <File BuildType="BUILD" Toolchain="">Generated_Source\PSoC4\BLE_StackHostMain.h</File>
          <File BuildType="BUILD" Toolchain="">Generated_Source\PSoC4\BLE_StackL2cap.h</File>
          <File BuildType="BUILD" Toolchain="">Generated_Source\PSoC4\BLE_StackGattServer.h</File>
          <File BuildType="BUILD" Toolchain="">Generated_Source\PSoC4\BLE_StackGattClient.h</File>
          <File BuildType="BUILD" Toolchain="">Generated_Source\PSoC4\BLE_Stack.h</File>
          <File BuildType="BUILD" Toolchain="">Generated_Source\PSoC4\BLE_eventHandler.h</File>
          <File BuildType="BUILD" Toolchain="">Generated_Source\PSoC4\BLE_bless_isr.c</File>
          <File BuildType="BUILD" Toolchain="">Generated_Source\PSoC4\BLE_bless_isr.h</File>
        </Files>
      </Folder>
      <Folder BuildType="STRICT" Path="C:\Users\11700372\Desktop\Lticker_BLE.cydsn\Export\ARM_GCC_Generic\BLE_v3_54">
        <Files Root="C:\Users\11700372\Desktop\Lticker_BLE.cydsn">
          <File BuildType="BUILD" Toolchain="ARM GCC Generic">.\Export\ARM_GCC_Generic\BLE_v3_54\gccCyBLEStack_BLE_SOC_PERIPHERAL.a</File>
        </Files>
      </Folder>
      <Folder BuildType="STRICT" Path="C:\Users\11700372\Desktop\Lticker_BLE.cydsn\Export\ARM_MDK_Generic\BLE_v3_54">
        <Files Root="C:\Users\11700372\Desktop\Lticker_BLE.cydsn">
          <File BuildType="BUILD" Toolchain="ARM MDK Generic">.\Export\ARM_MDK_Generic\BLE_v3_54\mdkCyBLEStack_BLE_SOC_PERIPHERAL.a</File>
        </Files>
      </Folder>
      <Folder BuildType="STRICT" Path="C:\Users\11700372\Desktop\Lticker_BLE.cydsn\Export\ARM_IAR_Generic\BLE_v3_54">
        <Files Root="C:\Users\11700372\Desktop\Lticker_BLE.cydsn">
          <File BuildType="BUILD" Toolchain="ARM IAR Generic">.\Export\ARM_IAR_Generic\BLE_v3_54\gccCyBLEStack_BLE_SOC_PERIPHERAL.a</File>
        </Files>
      </Folder>
      <Folder BuildType="EXCLUDE" Path=".\codegentemp">
        <Files Root="C:\Users\11700372\Desktop\Lticker_BLE.cydsn" />
      </Folder>
      <Folder BuildType="EXCLUDE" Path=".\ARM_GCC_441">
        <Files Root="C:\Users\11700372\Desktop\Lticker_BLE.cydsn" />
      </Folder>
      <Folder BuildType="EXCLUDE" Path=".\ARM_GCC_473">
        <Files Root="C:\Users\11700372\Desktop\Lticker_BLE.cydsn" />
      </Folder>
      <Folder BuildType="EXCLUDE" Path=".\DP8051_Keil_952">
        <Files Root="C:\Users\11700372\Desktop\Lticker_BLE.cydsn" />
      </Folder>
      <Folder BuildType="EXCLUDE" Path=".\DP8051">
        <Files Root="C:\Users\11700372\Desktop\Lticker_BLE.cydsn" />
      </Folder>
      <Folder BuildType="EXCLUDE" Path=".\CortexM0">
        <Files Root="C:\Users\11700372\Desktop\Lticker_BLE.cydsn" />
      </Folder>
      <Folder BuildType="EXCLUDE" Path=".\CortexM0p">
        <Files Root="C:\Users\11700372\Desktop\Lticker_BLE.cydsn" />
      </Folder>
      <Folder BuildType="EXCLUDE" Path=".\CortexM3">
        <Files Root="C:\Users\11700372\Desktop\Lticker_BLE.cydsn" />
      </Folder>
      <Folder BuildType="EXCLUDE" Path=".\CortexM4">
        <Files Root="C:\Users\11700372\Desktop\Lticker_BLE.cydsn" />
      </Folder>
      <Folder BuildType="EXCLUDE" Path=".\CortexM7">
        <Files Root="C:\Users\11700372\Desktop\Lticker_BLE.cydsn" />
      </Folder>
      <Folder BuildType="EXCLUDE" Path="C:\Users\11700372\Desktop\Lticker_BLE.cydsn\WS2812driver\API">
        <Files Root="C:\Users\11700372\Desktop\Lticker_BLE.cydsn">
          <File BuildType="EXCLUDE" Toolchain="">WS2812driver\API\.h</File>
          <File BuildType="EXCLUDE" Toolchain="">WS2812driver\API\.c</File>
        </Files>
      </Folder>
    </Folders>
  </Project>
</PSoCCreatorIdeExport>